,AMS,ADNN,VMS,VDNN,T,Bf,Cost_history,T_pred,Bf_pred
32,0.00265069,0.00583815967,0.4743569506856337,0.1242066162016163,33.07287693023678,45,0.101019866921997,45.85381,49
31,0.00265069,0.366064129,0.4712321587595869,0.1233241808742856,30.93287920951844,50,0.1055907756195068,45.852238,49
28,0.00265069,8.74767114,0.4931879589191646,0.1209932614544776,46.65101865682615,45,0.1183663110534667,45.907234,49
29,0.00265069,24.4029475,0.5047984797440599,0.1220971265917761,30.56031152751753,40,0.1019949419952392,45.981384,49
33,0.00265069,28.762206,0.4872838487442039,0.1292377862165141,33.20210002656556,50,0.100498458795166,45.984207,49
30,0.00265069,103.460163,0.494469203184209,0.1217007344684073,24.156616687774694,50,0.0921792480743408,46.011322,47
34,0.00265069,117.181603,0.5011664718003257,0.1242050308146786,44.26015876240948,50,0.1236975845794677,46.18666,47
39,0.00725927,0.00583815967,0.009160823033108,32.3934240202679,49.971985816955566,55,0.0567487676757812,46.923584,49
38,0.00725927,0.366064129,0.0094209768020383,31.741399229109803,47.40248918533325,55,0.0554115186340332,46.886444,49
35,0.00725927,8.74767114,0.0095115044970391,32.97669025924241,49.55177307128906,55,0.0569323494232177,47.142925,48
36,0.00725927,24.4029475,0.0089358179217643,32.03430611597198,50.28219948101733,45,0.0563637646728515,47.30302,48
40,0.00725927,28.762206,0.0091577920327375,32.48053518485536,49.16927919503412,55,0.056463878137207,47.47944,48
37,0.00725927,103.460163,0.0094983733873739,32.25783426313577,48.44908536653519,55,0.056493942892456,49.259586,45
41,0.00725927,117.181603,0.0096082733233402,31.909508350990524,49.68826770782471,45,0.0558454393310546,49.452034,45
46,0.00825927,0.00583815967,0.0090535411885261,26.934421114056786,49.73347187042236,50,0.0579828618927002,46.993065,48
45,0.00825927,0.366064129,0.0089971074815618,27.85998868991989,44.07610175062639,45,0.0538067047485351,46.93403,48
42,0.00825927,8.74767114,0.0093936714436943,28.49937206664032,51.01130187817946,50,0.057639775881958,46.862404,48
43,0.00825927,24.4029475,0.0094741000853797,27.98275090154733,44.44684490418811,45,0.0562771997406005,46.99678,48
47,0.00825927,28.762206,0.0098454099020746,27.13291620095477,46.88377148065207,40,0.0568327446289062,47.04787,48
44,0.00825927,103.460163,0.0090973061723362,27.930341318453127,49.32793983449936,50,0.057620211038208,48.73528,46
48,0.00825927,117.181603,0.0091522083236353,28.38910273142216,49.72701072692875,45,0.0577484701812744,49.0428,45
4,0.04614786,0.00583815967,0.0522031470016711,16.121135650010817,46.472154855728114,50,0.0628035360870361,46.535007,49
3,0.04614786,0.366064129,0.0493370964562763,17.108147253912144,48.002052307128906,50,0.0625625635467529,46.547268,49
0,0.04614786,8.74767114,0.0487785494115578,16.940523954067803,38.06772080903795,45,0.0623244576629638,46.52167,49
1,0.04614786,24.4029475,0.0499689357225446,17.25835578987159,46.93452249944672,50,0.0632757265716552,46.501842,49
5,0.04614786,28.762206,0.0484768323297506,16.803588549103388,48.449683189392125,50,0.0642096110290527,46.517128,48
2,0.04614786,103.460163,0.0489322307624198,16.517793878885215,45.685869249778754,45,0.0650217367523193,46.488457,47
6,0.04614786,117.181603,0.0489668966971873,17.091957337459046,45.98965224583306,50,0.0640398910675049,46.823254,47
25,0.14998521,0.00583815967,13.093369424903768,19.577550851118147,49.93019104003906,55,0.128246879824829,47.634922,49
24,0.14998521,0.366064129,12.74999225132023,19.640155771691823,49.641457801462174,45,0.1306512078216552,47.59441,48
21,0.14998521,8.74767114,13.029276191422468,19.384743915252777,49.58900077554232,50,0.1274253781494141,47.48518,49
22,0.14998521,24.4029475,13.623649628076784,19.78778401393327,49.67429636910121,50,0.1254639732330322,47.478874,48
26,0.14998521,28.762206,13.132006273972042,20.22315146654216,48.94692975478172,45,0.1267249305633545,47.39188,48
23,0.14998521,103.460163,13.670651974885246,19.113160928167343,49.14109706878662,50,0.1267654539520263,48.720306,48
27,0.14998521,117.181603,12.722707468270938,20.29071002097044,49.100665316004935,45,0.1281133765899658,48.806053,47
18,0.59584332,0.00583815967,18.68436490959865,7.493125430633473,50.02899933815002,50,0.1020113746002197,49.3499,49
17,0.59584332,0.366064129,19.127480561762777,7.707984482234673,49.75025653839111,50,0.1030179432647705,49.409206,49
14,0.59584332,8.74767114,18.52103588409839,7.898050926874104,49.81635028362274,55,0.1043226043548584,49.216084,49
15,0.59584332,24.4029475,17.636353999132737,8.13667553260602,50.17881393432617,50,0.105073576574707,48.97303,49
19,0.59584332,28.762206,18.14554116492885,7.657852584875765,49.92311000823975,50,0.1063256985046386,49.01354,49
16,0.59584332,103.460163,18.19987302335376,7.736697771684364,49.79376792907715,50,0.1050722571990966,49.29018,48
20,0.59584332,117.181603,18.49024963704069,7.826171363318035,49.76693183098793,45,0.1043571002624511,49.532192,48
11,1.11582564,0.00583815967,0.189717035892044,14.59887765822211,42.73538589477539,50,0.0842075102447509,45.60264,49
10,1.11582564,0.366064129,0.1805861357962551,14.934965673005111,29.109467267990148,50,0.079482362234497,45.562397,49
7,1.11582564,8.74767114,0.1829038982240159,15.082048796636236,38.236214613914456,50,0.0825768081420898,45.535805,49
8,1.11582564,24.4029475,0.1824233074438258,14.191210414510392,39.69226592425796,55,0.0852700424926757,45.546993,49
12,1.11582564,28.762206,0.1772365548170335,14.479584442323157,44.05622482299805,45,0.0884461285888672,45.634037,49
9,1.11582564,103.460163,0.1783387783183258,14.80889654939404,41.509318351745605,45,0.0850463908843994,46.33148,48
13,1.11582564,117.181603,0.1804442380605428,14.487372134796964,41.40031936645511,45,0.0847264895080566,46.39286,48
